{"stats":{"minecraft:custom":{"minecraft:jump":100,"minecraft:open_chest":1,"minecraft:time_since_rest":1983,"minecraft:leave_game":1,"minecraft:damage_dealt":95,"minecraft:play_one_minute":1983,"minecraft:damage_taken":160,"minecraft:sprint_one_cm":6237,"minecraft:time_since_death":1983,"minecraft:walk_one_cm":6922,"minecraft:mob_kills":1,"minecraft:fall_one_cm":544,"minecraft:fly_one_cm":25657},"minecraft:mined":{"minecraft:grass":2,"minecraft:oak_log":1},"minecraft:picked_up":{"minecraft:bone":1,"minecraft:oak_log":1,"minecraft:arrow":2,"minecraft:wheat_seeds":1}},"DataVersion":2586}