{"stat.walkOneCm":43312,"stat.leaveGame":3,"stat.killEntity.ZombieVillager":1,"stat.useItem.umm3185118519.unobtainium_greatsword":15,"stat.pickup.minecraft.string":3,"stat.jump":121,"stat.useItem.scalinghealth.heartcontainer":167,"stat.swimOneCm":2640,"stat.fallOneCm":8104,"stat.pickup.tombstone.crafting_ingredient":2,"stat.crouchOneCm":1227,"stat.useItem.mutantbeasts.endersoul_hand":8,"stat.pickup.minecraft.ender_pearl":6,"stat.killEntity.mutantbeasts.mutant_zombie":1,"stat.sprintOneCm":4539,"stat.pickup.minecraft.rotten_flesh":2,"stat.pickup.minecraft.sand":21,"stat.killEntity.Skeleton":1,"stat.killEntity.mutantbeasts.mutant_creeper":1,"stat.useItem.minecraft.flint_and_steel":1,"stat.damageTaken":866,"stat.killEntity.betteranimalsplus.tarantula":1,"stat.killEntity.Spider":2,"stat.killEntity.Husk":56,"stat.mobKills":110,"stat.pickup.minecraft.ender_eye":1,"stat.pickup.mysticalagriculture.crafting":1,"stat.useItem.carryon.entity_item":2,"stat.useItem.minecraft.golden_apple":4,"stat.flyOneCm":160611,"tombstone:undead_killed":83,"stat.killEntity.mutantbeasts.mutant_enderman":3,"stat.playOneMinute":20413,"stat.sneakTime":725,"stat.damageDealt":2085,"stat.killEntity.Zombie":24,"stat.timeSinceDeath":20413,"stat.mineBlock.minecraft.tallgrass":1}