{"stat.chestOpened":27,"stat.drop.astralsorcery.blockmarble":3,"stat.useItem.minecraft.quartz_block":3,"stat.useItem.minecraft.iron_axe":7,"stat.leaveGame":3,"stat.mineBlock.minecraft.cobblestone":1,"stat.useItem.megaloot.tool_pickaxe":26,"stat.mineBlock.minecraft.stained_glass_pane":2,"stat.jump":276,"stat.swimOneCm":4921,"stat.pickup.minecraft.fence":3,"stat.pickup.minecraft.iron_helmet":1,"stat.fallOneCm":10421,"stat.climbOneCm":2118,"stat.useItem.minecraft.planks":10,"stat.drop.minecraft.wooden_sword":1,"stat.pickup.megaloot.tool_pickaxe":1,"stat.crouchOneCm":24,"stat.pickup.minecraft.spider_eye":1,"stat.mineBlock.minecraft.dropper":1,"stat.useItem.minecraft.stone_slab2":4,"stat.drop.minecraft.slime_ball":1,"stat.dropperInspected":2,"stat.pickup.heroicarmory.rotmgpiratekingcutlass":1,"stat.mineBlock.minecraft.glass_pane":1,"stat.damageTaken":61,"stat.pickup.minecraft.cobblestone":2,"stat.pickup.minecraft.bed":4,"stat.flyOneCm":412407,"tombstone:undead_killed":1,"stat.pickup.minecraft.wheat_seeds":26,"stat.pickup.vanillafoodpantry.oak_acorn":2,"stat.pickup.minecraft.quartz_block":11,"stat.pickup.megaloot.armor_chestplate":1,"stat.mineBlock.minecraft.glass":3,"stat.damageDealt":393,"stat.timeSinceDeath":19387,"stat.walkOneCm":41756,"stat.useItem.minecraft.bread":3,"stat.trappedChestTriggered":3,"stat.pickup.minecraft.stonebrick":1,"stat.drop.vanillafoodpantry.oak_acorn":2,"stat.killEntity.zoocraftdiscoveries.frog":1,"stat.pickup.minecraft.log":9,"stat.pickup.flansmod.americanboots":1,"stat.pickup.tombstone.crafting_ingredient":2,"stat.pickup.minecraft.stone":1,"stat.drop.minecraft.sapling":2,"stat.pickup.minecraft.sapling":2,"stat.sprintOneCm":53611,"stat.killEntity.Skeleton":1,"stat.mineBlock.minecraft.stonebrick":1,"stat.craftItem.minecraft.planks":36,"stat.mineBlock.minecraft.fence":3,"stat.killEntity.Spider":1,"stat.mineBlock.astralsorcery.blockmarble":3,"stat.useItem.minecraft.pumpkin_pie":1,"stat.mineBlock.minecraft.quartz_block":14,"stat.mobKills":3,"stat.drop":16,"stat.playOneMinute":19387,"stat.sneakTime":193,"stat.pickup.minecraft.slime_ball":1,"stat.drop.minecraft.quartz_block":7,"stat.pickup.astralsorcery.blockmarble":3,"stat.mineBlock.minecraft.stone":3,"stat.diveOneCm":5158,"stat.pickup.minecraft.wheat":15}