{"stat.flyOneCm":26624,"stat.walkOneCm":6856,"stat.pickup.minecraft.wheat_seeds":35,"stat.jump":129,"stat.swimOneCm":406,"stat.pickup.minecraft.potato":17,"stat.playOneMinute":3517,"stat.fallOneCm":6291,"stat.pickup.minecraft.torch":28,"stat.leaveGame":1,"stat.pickup.icbmclassic.sulfurdust":15,"stat.sneakTime":118,"stat.pickup.minecraft.carrot":17,"stat.pickup.minecraft.wool":7,"stat.damageDealt":20,"stat.crouchOneCm":414,"stat.mineBlock.minecraft.wool":7,"stat.mineBlock.minecraft.torch":2,"stat.timeSinceDeath":3517,"stat.sprintOneCm":18635,"stat.pickup.minecraft.wheat":9}