{"stat.pickup.immersiveengineering.ore":20,"stat.useItem.minecraft.iron_axe":27,"stat.leaveGame":5,"stat.drop.minecraft.stone_shovel":1,"stat.mineBlock.minecraft.cobblestone":30,"stat.pickup.minecraft.flint":1,"stat.mineBlock.minecraft.yellow_flower":1,"stat.craftItem.minecraft.iron_axe":1,"stat.pickup.mutantbeasts.mutant_skeleton_pelvis":2,"stat.pickup.umm3185118519.copper_ore":2,"stat.swimOneCm":8650,"stat.climbOneCm":12,"stat.useItem.minecraft.planks":230,"stat.craftItem.minecraft.shield":1,"stat.drop.minecraft.cobblestone":1,"stat.mineBlock.immersiveengineering.ore":10,"stat.pickup.minecraft.porkchop":5,"stat.useItem.minecraft.dirt":24,"stat.useItem.minecraft.stone_slab2":24,"stat.drop.minecraft.iron_sword":1,"stat.pickup.minecraft.rotten_flesh":1,"stat.pickup.minecraft.sand":126,"stat.craftItem.minecraft.stone_axe":2,"stat.craftItem.minecraft.stone_pickaxe":1,"stat.mineBlock.umm3185118519.copper_ore":1,"stat.pickup.minecraft.cobblestone":98,"stat.pickup.mutantbeasts.mutant_skeleton_rib":11,"stat.useItem.minecraft.stone_shovel":129,"stat.flyOneCm":666867,"stat.pickup.magneticraft.ores":20,"stat.craftItem.minecraft.iron_shovel":2,"stat.mineBlock.minecraft.sand":127,"stat.killEntity.Witch":1,"stat.useItem.minecraft.cooked_beef":5,"stat.pickup.explorercraft.lamb_shank":2,"stat.pickup.minecraft.redstone":3,"stat.mineBlock.minecraft.iron_ore":21,"stat.timeSinceDeath":107577,"stat.useItem.minecraft.iron_pickaxe":244,"stat.pickup.umm3185118519.amber_ore":12,"stat.craftItem.minecraft.wooden_pickaxe":1,"stat.pickup.minecraft.mutton":2,"stat.pickup.astralsorcery.itemjournal":1,"stat.craftItem.minecraft.bed":2,"stat.trappedChestTriggered":3,"stat.useItem.minecraft.potato":3,"stat.pickup.minecraft.wooden_axe":1,"stat.furnaceInteraction":22,"stat.mineBlock.minecraft.rail":1,"stat.drop.minecraft.dirt":1,"stat.useItem.minecraft.cooked_porkchop":1,"stat.pickup.explorercraft.rice_straw":2,"stat.mineBlock.futuremc.cornflower":1,"stat.mineBlock.minecraft.coal_ore":20,"stat.drop.megaloot.tool_pickaxe":1,"stat.pickup.minecraft.wooden_sword":2,"stat.pickup.minecraft.string":7,"stat.pickup.comforts.sleeping_bag":1,"stat.pickup.vanillafoodpantry.pork_meat_product":3,"stat.pickup.vanillafoodpantry.rock_salt_crystals":18,"stat.craftItem.minecraft.stone_slab2":0,"stat.pickup.railcraft.ore_metal":40,"stat.sprintOneCm":322485,"stat.mineBlock.mekanism.oreblock":2,"stat.pickup.ic2.resource":54,"stat.pickup.minecraft.grass":2,"stat.mineBlock.minecraft.crafting_table":1,"stat.useItem.minecraft.carrot":7,"stat.mineBlock.minecraft.planks":72,"stat.killEntity.betteranimalsplus.songbird":1,"stat.drop":12,"stat.playOneMinute":107577,"stat.killEntity.Sheep":1,"stat.mineBlock.vanillafoodpantry.rock_salt_ore":6,"stat.craftItem.minecraft.iron_pickaxe":2,"stat.pickup.opencomputers.tool":1,"stat.drop.minecraft.torch":43,"stat.mineBlock.minecraft.tallgrass":189,"stat.diveOneCm":15176,"stat.pickup.minecraft.wheat":9,"stat.drop.megaloot.armor_chestplate":3,"stat.chestOpened":41,"stat.useItem.heroicarmory.rotmgpiratekingcutlass":2,"stat.pickup.minecraft.iron_sword":1,"stat.pickup.minecraft.arrow":1,"stat.craftItem.minecraft.cooked_porkchop":6,"stat.jump":2597,"stat.useItem.minecraft.sand":1,"stat.pickup.minecraft.coal":20,"stat.fallOneCm":94819,"stat.pickup.mutantbeasts.mutant_skeleton_shoulder_pad":4,"stat.pickup.minecraft.carrot":17,"stat.useItem.minecraft.stone_axe":61,"stat.pickup.mutantbeasts.mutant_skeleton_skull":2,"stat.pickup.minecraft.gunpowder":2,"stat.crouchOneCm":33202,"stat.pickup.minecraft.rail":1,"stat.mineBlock.minecraft.chest":12,"stat.craftItem.minecraft.chest":12,"stat.craftItem.minecraft.iron_ingot":21,"stat.pickup.minecraft.dirt":15,"stat.drop.minecraft.iron_shovel":1,"stat.craftItem.comforts.sleeping_bag":1,"stat.craftingTableInteraction":28,"stat.pickup.minecraft.iron_ore":21,"stat.useItem.minecraft.glass":42,"stat.mineBlock.flansmod.flansworkbench_item":1,"stat.mineBlock.ic2.resource":27,"stat.pickup.icbmclassic.sulfurdust":30,"stat.mineBlock.minecraft.glass_pane":1,"stat.mineBlock.minecraft.leaves2":2,"stat.damageTaken":629,"stat.mineBlock.minecraft.torch":6,"stat.useItem.minecraft.wooden_pickaxe":14,"stat.pickup.minecraft.ender_eye":4,"stat.pickup.mysticalagriculture.crafting":3,"stat.pickup.minecraft.planks":73,"stat.pickup.minecraft.reeds":7,"stat.pickup.minecraft.bed":1,"tombstone:undead_killed":2,"stat.pickup.minecraft.wheat_seeds":37,"stat.pickup.vanillafoodpantry.oak_acorn":9,"stat.pickup.minecraft.potato":17,"stat.pickup.megaloot.armor_chestplate":2,"stat.mineBlock.minecraft.glass":2,"stat.damageDealt":2021,"stat.craftItem.minecraft.glass":84,"stat.sleepInBed":1,"stat.mineBlock.minecraft.dirt":4,"stat.killEntity.Pig":1,"stat.mineBlock.magneticraft.ores":10,"stat.craftItem.minecraft.stone_shovel":1,"stat.mineBlock.umm3185118519.aquamarine_ore":2,"stat.walkOneCm":393429,"stat.useItem.minecraft.torch":13,"stat.pickup.umm3185118519.aquamarine_ore":4,"stat.useItem.minecraft.chest":21,"stat.mineBlock.railcraft.jaded_stone":13,"stat.pickup.minecraft.crafting_table":1,"stat.useItem.minecraft.log":272,"stat.pickup.mekanism.oreblock":4,"stat.pickup.minecraft.log":251,"stat.mineBlock.umm3185118519.amber_ore":6,"stat.pickup.minecraft.stone":7,"stat.mineBlock.minecraft.wool":11,"stat.pickup.minecraft.sapling":21,"stat.pickup.minecraft.ender_pearl":1,"stat.pickup.minecraft.wooden_door":1,"stat.killEntity.Skeleton":2,"stat.pickup.flansmod.flansworkbench_item":1,"stat.useItem.nuclearcraft.dominos":1,"stat.useItem.minecraft.iron_sword":24,"stat.craftItem.minecraft.planks":80,"stat.pickup.futuremc.cornflower":1,"stat.drop.futuremc.cornflower":1,"stat.killEntity.Spider":1,"stat.pickup.zoocraftdiscoveries.seed_thyme":2,"stat.mobKills":9,"stat.mineBlock.minecraft.log":13,"stat.killEntity.mutantbeasts.mutant_enderman":1,"stat.mineBlock.minecraft.leaves":1,"stat.pickup.minecraft.torch":89,"stat.craftItem.mutantbeasts.mutant_skeleton_leggings":1,"stat.pickup.mutantbeasts.mutant_skeleton_limb":15,"stat.sneakTime":8169,"stat.pickup.minecraft.wool":14,"stat.killEntity.zoocraftdiscoveries.porcupine":1,"stat.mineBlock.railcraft.ore_metal":20,"stat.pickup.railcraft.jaded_stone":13,"stat.useItem.minecraft.wooden_axe":14,"stat.mineBlock.minecraft.stone":74,"stat.drop.minecraft.wooden_axe":1,"stat.pickup.minecraft.chest":12}