{"stat.chestOpened":7,"stat.pickup.astralsorcery.itemjournal":1,"stat.walkOneCm":50927,"stat.useItem.minecraft.torch":1,"stat.trappedChestTriggered":3,"stat.useItem.heroicarmory.rotmgpiratekingcutlass":2,"stat.leaveGame":2,"stat.pickup.minecraft.iron_sword":1,"stat.pickup.minecraft.crafting_table":1,"stat.mineBlock.minecraft.cobblestone":5,"stat.furnaceInteraction":1,"stat.mineBlock.minecraft.yellow_flower":1,"stat.mineBlock.minecraft.rail":1,"stat.pickup.explorercraft.rice_straw":2,"stat.mineBlock.futuremc.cornflower":1,"stat.drop.megaloot.tool_pickaxe":1,"stat.pickup.minecraft.wooden_sword":2,"stat.pickup.minecraft.log":2,"stat.jump":841,"stat.swimOneCm":5029,"stat.fallOneCm":34389,"stat.climbOneCm":12,"stat.useItem.minecraft.planks":6,"stat.drop.minecraft.cobblestone":1,"stat.pickup.minecraft.carrot":17,"stat.useItem.minecraft.stone_axe":4,"stat.crouchOneCm":4145,"stat.mineBlock.minecraft.wool":11,"stat.pickup.minecraft.rail":1,"stat.pickup.minecraft.sapling":7,"stat.sprintOneCm":117776,"stat.useItem.minecraft.stone_slab2":1,"stat.drop.minecraft.iron_sword":1,"stat.craftingTableInteraction":9,"stat.useItem.minecraft.iron_sword":1,"stat.craftItem.minecraft.stone_axe":1,"stat.pickup.icbmclassic.sulfurdust":15,"stat.mineBlock.minecraft.glass_pane":1,"stat.mineBlock.minecraft.crafting_table":1,"stat.damageTaken":77,"stat.pickup.zoocraftdiscoveries.seed_thyme":1,"stat.mineBlock.minecraft.torch":4,"stat.craftItem.minecraft.stone_pickaxe":1,"stat.useItem.minecraft.carrot":7,"stat.useItem.minecraft.wooden_pickaxe":14,"stat.pickup.minecraft.cobblestone":15,"stat.mobKills":1,"stat.pickup.minecraft.planks":4,"stat.flyOneCm":196145,"stat.pickup.minecraft.bed":1,"stat.mineBlock.minecraft.planks":4,"stat.killEntity.betteranimalsplus.songbird":1,"stat.pickup.minecraft.wheat_seeds":37,"stat.drop":7,"stat.mineBlock.minecraft.leaves":1,"stat.pickup.minecraft.potato":17,"stat.playOneMinute":23876,"stat.pickup.minecraft.torch":87,"stat.pickup.megaloot.armor_chestplate":2,"stat.sneakTime":946,"stat.pickup.minecraft.wool":11,"stat.damageDealt":81,"stat.timeSinceDeath":23876,"stat.pickup.opencomputers.tool":1,"stat.drop.minecraft.torch":43,"stat.craftItem.minecraft.wooden_pickaxe":1,"stat.mineBlock.minecraft.stone":9,"stat.mineBlock.minecraft.tallgrass":183,"stat.diveOneCm":14329,"stat.pickup.minecraft.wheat":9,"stat.drop.megaloot.armor_chestplate":3}