{"stat.chestOpened":34,"stat.pickup.immersiveengineering.ore":10,"stat.useItem.heroicarmory.rotmgpiratekingcutlass":2,"stat.useItem.minecraft.iron_axe":1,"stat.leaveGame":4,"stat.pickup.minecraft.iron_sword":1,"stat.drop.minecraft.stone_shovel":1,"stat.mineBlock.minecraft.cobblestone":30,"stat.craftItem.minecraft.cooked_porkchop":6,"stat.mineBlock.minecraft.yellow_flower":1,"stat.craftItem.minecraft.iron_axe":1,"stat.pickup.mutantbeasts.mutant_skeleton_pelvis":2,"stat.pickup.umm3185118519.copper_ore":1,"stat.jump":1857,"stat.swimOneCm":8650,"stat.useItem.minecraft.sand":1,"stat.pickup.minecraft.coal":20,"stat.fallOneCm":67817,"stat.climbOneCm":12,"stat.useItem.minecraft.planks":226,"stat.craftItem.minecraft.shield":1,"stat.drop.minecraft.cobblestone":1,"stat.pickup.mutantbeasts.mutant_skeleton_shoulder_pad":4,"stat.pickup.minecraft.carrot":17,"stat.useItem.minecraft.stone_axe":61,"stat.pickup.mutantbeasts.mutant_skeleton_skull":2,"stat.mineBlock.immersiveengineering.ore":10,"stat.crouchOneCm":30160,"stat.pickup.minecraft.rail":1,"stat.craftItem.minecraft.chest":12,"stat.craftItem.minecraft.iron_ingot":21,"stat.pickup.minecraft.dirt":15,"stat.useItem.minecraft.dirt":24,"stat.drop.minecraft.iron_shovel":1,"stat.useItem.minecraft.stone_slab2":21,"stat.craftItem.comforts.sleeping_bag":1,"stat.drop.minecraft.iron_sword":1,"stat.craftingTableInteraction":28,"stat.pickup.minecraft.iron_ore":21,"stat.pickup.minecraft.rotten_flesh":1,"stat.useItem.minecraft.glass":42,"stat.pickup.minecraft.sand":126,"stat.mineBlock.ic2.resource":27,"stat.craftItem.minecraft.stone_axe":2,"stat.pickup.icbmclassic.sulfurdust":23,"stat.mineBlock.minecraft.glass_pane":1,"stat.mineBlock.minecraft.leaves2":2,"stat.damageTaken":240,"stat.mineBlock.minecraft.torch":6,"stat.craftItem.minecraft.stone_pickaxe":1,"stat.useItem.minecraft.wooden_pickaxe":14,"stat.mineBlock.umm3185118519.copper_ore":1,"stat.pickup.minecraft.cobblestone":98,"stat.pickup.mutantbeasts.mutant_skeleton_rib":11,"stat.pickup.mysticalagriculture.crafting":1,"stat.pickup.minecraft.planks":71,"stat.useItem.minecraft.stone_shovel":129,"stat.pickup.minecraft.reeds":7,"stat.flyOneCm":439474,"stat.pickup.minecraft.bed":1,"stat.pickup.magneticraft.ores":10,"stat.craftItem.minecraft.iron_shovel":2,"tombstone:undead_killed":2,"stat.pickup.minecraft.wheat_seeds":37,"stat.pickup.vanillafoodpantry.oak_acorn":9,"stat.mineBlock.minecraft.sand":127,"stat.pickup.minecraft.potato":17,"stat.killEntity.Witch":1,"stat.useItem.minecraft.cooked_beef":1,"stat.pickup.megaloot.armor_chestplate":2,"stat.mineBlock.minecraft.glass":2,"stat.damageDealt":1075,"stat.craftItem.minecraft.glass":84,"stat.pickup.minecraft.redstone":3,"stat.mineBlock.minecraft.iron_ore":21,"stat.sleepInBed":1,"stat.timeSinceDeath":86396,"stat.mineBlock.minecraft.dirt":4,"stat.useItem.minecraft.iron_pickaxe":230,"stat.pickup.umm3185118519.amber_ore":6,"stat.craftItem.minecraft.wooden_pickaxe":1,"stat.mineBlock.magneticraft.ores":10,"stat.pickup.astralsorcery.itemjournal":1,"stat.craftItem.minecraft.stone_shovel":1,"stat.mineBlock.umm3185118519.aquamarine_ore":2,"stat.walkOneCm":295888,"stat.craftItem.minecraft.bed":2,"stat.useItem.minecraft.torch":13,"stat.trappedChestTriggered":3,"stat.pickup.umm3185118519.aquamarine_ore":2,"stat.useItem.minecraft.chest":10,"stat.useItem.minecraft.potato":3,"stat.pickup.minecraft.wooden_axe":1,"stat.pickup.minecraft.crafting_table":1,"stat.useItem.minecraft.log":147,"stat.pickup.mekanism.oreblock":2,"stat.furnaceInteraction":22,"stat.mineBlock.minecraft.rail":1,"stat.drop.minecraft.dirt":1,"stat.useItem.minecraft.cooked_porkchop":1,"stat.pickup.explorercraft.rice_straw":2,"stat.mineBlock.futuremc.cornflower":1,"stat.mineBlock.minecraft.coal_ore":20,"stat.drop.megaloot.tool_pickaxe":1,"stat.pickup.minecraft.wooden_sword":2,"stat.pickup.minecraft.log":179,"stat.pickup.minecraft.string":4,"stat.pickup.comforts.sleeping_bag":1,"stat.mineBlock.umm3185118519.amber_ore":6,"stat.pickup.vanillafoodpantry.rock_salt_crystals":18,"stat.craftItem.minecraft.stone_slab2":0,"stat.pickup.minecraft.stone":7,"stat.pickup.railcraft.ore_metal":20,"stat.mineBlock.minecraft.wool":11,"stat.pickup.minecraft.sapling":21,"stat.sprintOneCm":250006,"stat.pickup.minecraft.wooden_door":1,"stat.mineBlock.mekanism.oreblock":2,"stat.pickup.ic2.resource":27,"stat.killEntity.Skeleton":2,"stat.useItem.nuclearcraft.dominos":1,"stat.useItem.minecraft.iron_sword":16,"stat.craftItem.minecraft.planks":72,"stat.pickup.futuremc.cornflower":1,"stat.drop.futuremc.cornflower":1,"stat.mineBlock.minecraft.crafting_table":1,"stat.killEntity.Spider":1,"stat.pickup.zoocraftdiscoveries.seed_thyme":2,"stat.useItem.minecraft.carrot":7,"stat.mobKills":6,"stat.mineBlock.minecraft.log":8,"stat.mineBlock.minecraft.planks":71,"stat.killEntity.betteranimalsplus.songbird":1,"stat.drop":12,"stat.mineBlock.minecraft.leaves":1,"stat.playOneMinute":86396,"stat.pickup.minecraft.torch":89,"stat.craftItem.mutantbeasts.mutant_skeleton_leggings":1,"stat.pickup.mutantbeasts.mutant_skeleton_limb":15,"stat.mineBlock.vanillafoodpantry.rock_salt_ore":6,"stat.sneakTime":7042,"stat.craftItem.minecraft.iron_pickaxe":2,"stat.pickup.minecraft.wool":11,"stat.killEntity.zoocraftdiscoveries.porcupine":1,"stat.pickup.opencomputers.tool":1,"stat.mineBlock.railcraft.ore_metal":20,"stat.drop.minecraft.torch":43,"stat.useItem.minecraft.wooden_axe":14,"stat.mineBlock.minecraft.stone":74,"stat.mineBlock.minecraft.tallgrass":188,"stat.diveOneCm":15176,"stat.drop.minecraft.wooden_axe":1,"stat.pickup.minecraft.wheat":9,"stat.drop.megaloot.armor_chestplate":3}