{"stat.chestOpened":9,"stat.walkOneCm":124298,"stat.useItem.minecraft.torch":1,"stat.playerKills":3,"stat.leaveGame":3,"stat.pickup.minecraft.gravel":2,"stat.mineBlock.minecraft.double_plant":2,"tombstone:tomb_raiding":1,"stat.talkedToVillager":1,"stat.pickup.minecraft.log":8,"stat.jump":586,"stat.swimOneCm":2086,"stat.fallOneCm":11815,"stat.useItem.minecraft.planks":83,"stat.useItem.tombstone.gift":1,"stat.crouchOneCm":3884,"stat.pickup.betteranimalsplus.pheasantraw":2,"stat.killEntity.Squid":1,"stat.pickup.minecraft.dirt":10,"stat.useItem.minecraft.dirt":7,"stat.entityKilledBy.BabySkeleton":1,"stat.sprintOneCm":64782,"stat.useItem.minecraft.stone_slab2":7,"stat.killEntity.betteranimalsplus.pheasant":1,"stat.craftItem.minecraft.planks":32,"stat.pickup.futuremc.cornflower":1,"stat.damageTaken":1443,"stat.mineBlock.minecraft.torch":16,"stat.mineBlock.minecraft.red_flower":2,"stat.pickup.zoocraftdiscoveries.seed_rosemary":1,"stat.mobKills":2,"stat.mineBlock.minecraft.log":8,"stat.pickup.minecraft.dye":1,"stat.pickup.minecraft.planks":55,"stat.flyOneCm":71229,"stat.mineBlock.minecraft.planks":57,"stat.deaths":7,"stat.playOneMinute":48884,"stat.pickup.minecraft.torch":9,"stat.mineBlock.minecraft.gravel":2,"stat.pickup.zoocraftdiscoveries.seed_chive":1,"stat.pickup.minecraft.red_flower":1,"stat.pickup.tombstone.grave_key":2,"stat.sneakTime":1674,"stat.useItem.betteranimalsplus.pheasantraw":1,"stat.damageDealt":928,"stat.sleepInBed":2,"stat.timeSinceDeath":1106,"stat.mineBlock.minecraft.dirt":10,"stat.useItem.railcraft.tool_crowbar_iron":32,"stat.mineBlock.minecraft.tallgrass":46,"stat.diveOneCm":1896}