{"stat.chestOpened":23,"stat.pickup.immersiveengineering.ore":3,"stat.pickup.flansmod.german_item":1,"stat.pickup.minecraft.bone":9,"stat.killEntity.betteranimalsplus.goose":1,"stat.killEntity.mutantbeasts.creeper_minion":1,"stat.leaveGame":1,"stat.pickup.minecraft.arrow":5,"stat.mineBlock.minecraft.yellow_flower":6,"stat.mineBlock.ic2.rubber_wood":5,"stat.useItem.immersiveengineering.axe_steel":97,"stat.jump":1378,"stat.swimOneCm":24276,"stat.fallOneCm":40751,"stat.climbOneCm":452,"stat.useItem.minecraft.planks":372,"stat.pickup.minecraft.iron_ingot":1,"stat.pickup.minecraft.cooked_porkchop":2,"stat.useItem.minecraft.stone_axe":6,"stat.mineBlock.immersiveengineering.ore":3,"stat.pickup.minecraft.gunpowder":3,"stat.pickup.minecraft.porkchop":7,"stat.crouchOneCm":6119,"stat.craftItem.minecraft.chest":2,"stat.craftItem.minecraft.iron_ingot":20,"stat.pickup.minecraft.dirt":23,"stat.useItem.minecraft.stone_slab2":17,"stat.craftingTableInteraction":17,"stat.pickup.minecraft.iron_ore":20,"stat.craftItem.minecraft.furnace":1,"stat.craftItem.minecraft.stone_axe":1,"stat.mineBlock.minecraft.glass_pane":2,"stat.pickup.icbmclassic.sulfurdust":3,"stat.damageTaken":1666,"stat.mineBlock.minecraft.red_flower":10,"stat.craftItem.minecraft.stone_pickaxe":1,"stat.mineBlock.flansmod.german_item":1,"stat.useItem.minecraft.wooden_pickaxe":11,"stat.pickup.minecraft.cobblestone":57,"stat.pickup.ic2.rubber_wood":5,"stat.pickup.mysticalagriculture.crafting":4,"stat.pickup.minecraft.dye":3,"stat.pickup.minecraft.planks":24,"stat.flyOneCm":331066,"stat.pickup.minecraft.bed":1,"tombstone:undead_killed":6,"stat.pickup.minecraft.wheat_seeds":5,"stat.pickup.vanillafoodpantry.oak_acorn":20,"stat.useItem.minecraft.stone_pickaxe":85,"stat.pickup.explorercraft.lamb_shank":2,"stat.pickup.zoocraftdiscoveries.seed_chive":1,"stat.damageDealt":3088,"stat.craftItem.minecraft.cauldron":1,"stat.mineBlock.minecraft.iron_ore":18,"stat.craftItem.minecraft.bowl":4,"stat.sleepInBed":2,"stat.timeSinceDeath":60283,"stat.killEntity.Cow":2,"stat.mineBlock.minecraft.dirt":23,"stat.craftItem.minecraft.wooden_pickaxe":1,"stat.killEntity.Pig":1,"stat.pickup.minecraft.mutton":6,"stat.mineBlock.umm3185118519.aquamarine_ore":1,"stat.walkOneCm":150168,"stat.pickup.betteranimalsplus.boarhead_4":1,"stat.useItem.minecraft.bread":8,"stat.useItem.minecraft.chest":1,"stat.pickup.umm3185118519.aquamarine_ore":1,"stat.pickup.mekanism.oreblock":3,"stat.craftItem.minecraft.crafting_table":2,"stat.furnaceInteraction":14,"stat.mineBlock.minecraft.double_plant":6,"stat.mineBlock.futuremc.cornflower":9,"stat.pickup.zoocraftdiscoveries.seed_dill":2,"stat.killEntity.Creeper":1,"stat.talkedToVillager":7,"stat.pickup.minecraft.log":98,"stat.pickup.minecraft.string":4,"stat.pickup.vanillafoodpantry.pork_meat_product":1,"stat.pickup.minecraft.beef":11,"stat.pickup.tombstone.crafting_ingredient":3,"stat.craftItem.minecraft.stone_slab2":0,"stat.pickup.minecraft.stone":14,"stat.pickup.zoocraftdiscoveries.seed_coriander":2,"stat.pickup.minecraft.sapling":20,"stat.killEntity.Squid":1,"stat.entityKilledBy.BabySkeleton":2,"stat.sprintOneCm":192593,"stat.pickup.minecraft.apple":5,"stat.pickup.immersiveengineering.tool":1,"stat.mineBlock.railcraft.equipment":1,"stat.craftItem.minecraft.stick":8,"stat.craftItem.minecraft.wooden_axe":1,"stat.mineBlock.mekanism.oreblock":3,"stat.pickup.railcraft.equipment":1,"stat.killEntity.Skeleton":5,"stat.craftItem.minecraft.planks":392,"stat.pickup.futuremc.cornflower":8,"stat.killEntity.Spider":1,"stat.pickup.zoocraftdiscoveries.seed_thyme":2,"stat.useItem.minecraft.carrot":16,"stat.mineBlock.ic2.leaves":4,"stat.mobKills":17,"stat.mineBlock.minecraft.log":20,"stat.entityKilledBy.Creeper":1,"stat.deaths":3,"stat.mineBlock.minecraft.planks":25,"stat.playOneMinute":83776,"stat.killEntity.Sheep":2,"stat.pickup.minecraft.red_flower":8,"stat.sneakTime":1787,"stat.pickup.minecraft.wool":6,"stat.craftItem.flansmod.flansworkbench_item":2,"stat.pickup.zoocraftdiscoveries.seed_sage":2,"stat.pickup.astralsorcery.blockmarble":2,"stat.killEntity.Zombie":1,"stat.killEntity.zoocraftdiscoveries.porcupine":1,"stat.craftItem.minecraft.dye":2,"stat.useItem.minecraft.wooden_axe":20,"stat.pickup.minecraft.yellow_flower":3,"stat.craftItem.flansmod.german_item":1,"stat.mineBlock.minecraft.stone":68,"stat.mineBlock.minecraft.tallgrass":77,"stat.diveOneCm":20700,"stat.pickup.minecraft.wheat":1}