{"stat.pickup.zoocraftdiscoveries.seed_bay":1,"stat.pickup.minecraft.bone":6,"stat.leaveGame":8,"stat.pickup.minecraft.flint":3,"stat.useItem.croparia.seed_crop_iron":11,"stat.swimOneCm":2354,"stat.climbOneCm":1771,"stat.useItem.minecraft.planks":438,"stat.pickup.minecraft.porkchop":35,"stat.useItem.minecraft.dirt":13,"stat.useItem.minecraft.stone_slab2":28,"stat.pickup.croparia.seed_crop_coal":27,"stat.pickup.croparia.fruit_coal":6,"stat.useItem.minecraft.water_bucket":4,"stat.pickup.minecraft.rotten_flesh":2,"stat.pickup.minecraft.sand":34,"stat.craftItem.minecraft.furnace":2,"stat.craftItem.minecraft.stone_axe":1,"stat.craftItem.minecraft.stone_pickaxe":1,"stat.killEntity.Enderman":1,"stat.pickup.minecraft.cobblestone":24,"stat.pickup.mutantbeasts.mutant_skeleton_rib":1,"stat.useItem.minecraft.stone_shovel":2,"stat.flyOneCm":374008,"stat.pickup.zoocraftdiscoveries.seed_oregano":2,"stat.mineBlock.minecraft.sand":34,"stat.pickup.explorercraft.lamb_shank":4,"stat.pickup.zoocraftdiscoveries.seed_chive":1,"stat.craftItem.minecraft.wooden_hoe":1,"stat.mineBlock.minecraft.iron_ore":7,"stat.timeSinceDeath":23192,"stat.craftItem.minecraft.wooden_pickaxe":1,"stat.pickup.minecraft.mutton":7,"stat.useItem.minecraft.iron_shovel":34,"stat.pickup.minecraft.double_plant":1,"stat.craftItem.minecraft.glass_pane":32,"stat.furnaceInteraction":36,"stat.pickup.croparia.kiwi":2,"stat.useItem.minecraft.cooked_porkchop":2,"stat.pickup.minecraft.iron_shovel":1,"stat.mineBlock.futuremc.cornflower":1,"stat.pickup.minecraft.beef":7,"stat.pickup.tombstone.crafting_ingredient":2,"stat.craftItem.minecraft.stone_slab2":0,"stat.sprintOneCm":153866,"stat.craftItem.minecraft.stick":12,"stat.craftItem.minecraft.wooden_axe":2,"stat.pickup.minecraft.grass":1,"stat.mineBlock.minecraft.crafting_table":1,"stat.pickup.mutantbeasts.mutant_skeleton_boots":1,"stat.pickup.zoocraftdiscoveries.seed_rosemary":2,"stat.useItem.minecraft.dye":22,"stat.entityKilledBy.Creeper":1,"stat.useItem.croparia.kiwi":2,"stat.mineBlock.minecraft.planks":34,"stat.deaths":1,"stat.drop":1,"stat.craftItem.croparia.seed_crop_iron":1,"stat.playOneMinute":105865,"stat.killEntity.Sheep":2,"stat.craftItem.flansmod.flansworkbench_item":1,"stat.killEntity.Zombie":1,"stat.craftItem.minecraft.dye":24,"stat.pickup.croparia.seed_crop_iron":15,"stat.craftItem.mutantbeasts.mutant_skeleton_arms":1,"stat.mineBlock.minecraft.tallgrass":41,"stat.diveOneCm":2925,"stat.chestOpened":20,"stat.pickup.zoocraftdiscoveries.seed_tarragon":1,"stat.pickup.minecraft.arrow":9,"stat.craftItem.minecraft.cooked_porkchop":2,"stat.useItem.explorercraft.lamb_shank_cooked":2,"stat.useItem.minecraft.apple":3,"stat.craftItem.explorercraft.lamb_shank_cooked":4,"stat.craftItem.minecraft.coal":10,"stat.jump":1298,"stat.useItem.minecraft.wooden_hoe":22,"stat.fallOneCm":43958,"stat.useItem.minecraft.stone_axe":4,"stat.pickup.minecraft.gunpowder":2,"stat.crouchOneCm":4618,"stat.craftItem.minecraft.chest":2,"stat.craftItem.minecraft.iron_ingot":23,"stat.pickup.minecraft.dirt":74,"stat.craftItem.comforts.sleeping_bag":1,"stat.craftingTableInteraction":30,"stat.pickup.minecraft.iron_ore":7,"stat.pickup.minecraft.stone_shovel":1,"stat.pickup.icbmclassic.sulfurdust":5,"stat.pickup.minecraft.leather":3,"stat.damageTaken":1217,"stat.useItem.minecraft.wooden_pickaxe":28,"stat.pickup.mysticalagriculture.crafting":4,"stat.pickup.minecraft.planks":37,"stat.craftItem.mutantbeasts.mutant_skeleton_chestplate":1,"tombstone:undead_killed":1,"stat.pickup.vanillafoodpantry.oak_acorn":37,"stat.pickup.minecraft.wheat_seeds":1,"stat.pickup.minecraft.potato":32,"stat.useItem.minecraft.stone_pickaxe":27,"stat.useItem.croparia.seed_crop_coal":17,"stat.damageDealt":936,"stat.craftItem.minecraft.glass":24,"stat.sleepInBed":2,"stat.craftItem.minecraft.bowl":4,"stat.pickup.croparia.fruit_iron":8,"stat.killEntity.Cow":2,"stat.mineBlock.minecraft.dirt":73,"stat.pickup.minecraft.piston":2,"stat.walkOneCm":398048,"stat.pickup.immersiveengineering.seed":1,"stat.useItem.minecraft.chest":1,"stat.useItem.croparia.cherry":1,"stat.pickup.minecraft.crafting_table":1,"stat.craftItem.minecraft.crafting_table":1,"stat.pickup.zoocraftdiscoveries.seed_dill":1,"stat.pickup.minecraft.log":193,"stat.pickup.minecraft.chicken":1,"stat.pickup.minecraft.sapling":54,"stat.pickup.minecraft.ender_pearl":1,"stat.pickup.minecraft.wooden_door":3,"stat.pickup.minecraft.apple":4,"stat.useItem.minecraft.glass_pane":25,"stat.craftItem.mutantbeasts.mutant_skeleton_rib_cage":1,"stat.craftItem.minecraft.bucket":1,"stat.craftItem.minecraft.planks":568,"stat.pickup.futuremc.cornflower":1,"stat.pickup.zoocraftdiscoveries.seed_thyme":1,"stat.mobKills":7,"stat.mineBlock.minecraft.log":27,"stat.craftItem.minecraft.wooden_door":3,"stat.pickup.croparia.cherry":1,"stat.useItem.minecraft.wooden_door":4,"stat.mineBlock.minecraft.piston":1,"stat.craftItem.mutantbeasts.mutant_skeleton_boots":1,"stat.craftItem.mutantbeasts.mutant_skeleton_leggings":1,"stat.sneakTime":1138,"stat.pickup.minecraft.wool":6,"stat.useItem.minecraft.wooden_axe":41,"stat.mineBlock.minecraft.stone":28,"stat.drop.minecraft.wooden_axe":1}