{"stat.chestOpened":2,"stat.walkOneCm":29288,"stat.pickup.minecraft.bone":1,"stat.trappedChestTriggered":1,"stat.playerKills":1,"stat.leaveGame":2,"stat.killEntity.Slime":2,"stat.useItem.minecraft.tnt":86,"stat.killEntity.ebwizardry:ice_wraith":3,"stat.killEntity.Creeper":1,"stat.useItem.minecraft.diamond_sword":96,"stat.jump":87,"stat.fallOneCm":476,"stat.climbOneCm":296,"stat.pickup.tombstone.crafting_ingredient":2,"stat.crouchOneCm":717,"stat.pickup.cgm.chain_gun":1,"stat.pickup.minecraft.dirt":16,"stat.sprintOneCm":8932,"stat.useItem.minecraft.stone_slab2":24,"stat.killEntity.Stray":2,"stat.pickup.minecraft.rotten_flesh":14,"stat.killEntity.mutantbeasts.mutant_creeper":2,"stat.useItem.minecraft.flint_and_steel":34,"stat.killEntity.Spider":2,"stat.mobKills":25,"stat.pickup.mysticalagriculture.crafting":3,"stat.pickup.minecraft.reeds":3,"stat.flyOneCm":855416,"tombstone:undead_killed":12,"stat.drop":1,"stat.playOneMinute":31018,"stat.killEntity.Witch":1,"stat.sneakTime":1167,"stat.damageDealt":5347,"stat.killEntity.Rabbit":1,"stat.killEntity.Zombie":10,"stat.timeSinceDeath":31018,"stat.drop.cgm.chain_gun":1,"stat.useItem.minecraft.spawn_egg":10}