{"stat.pickup.minecraft.bone":2,"stat.leaveGame":4,"stat.pickup.minecraft.arrow":2,"stat.pickup.explorercraft.basalt_cobblestone":1,"stat.killEntity.mutantbeasts.mutant_skeleton":1,"stat.useItem.minecraft.diamond_sword":96,"stat.useItem.umm3185118519.unobtainium_greatsword":13,"stat.swimOneCm":151,"stat.jump":143,"stat.fallOneCm":9112,"stat.drop.minecraft.feather":1,"stat.pickup.minecraft.gunpowder":4,"stat.crouchOneCm":459,"stat.useItem.minecraft.stone_slab2":2,"stat.pickup.minecraft.sand":31,"stat.killEntity.mutantbeasts.mutant_creeper":1,"stat.pickup.icbmclassic.sulfurdust":9,"stat.pickup.minecraft.feather":1,"stat.damageTaken":1296,"stat.killEntity.Enderman":1,"stat.pickup.minecraft.cobblestone":2,"stat.pickup.mysticalagriculture.crafting":2,"stat.flyOneCm":810334,"stat.pickup.minecraft.sandstone":4,"tombstone:undead_killed":11,"stat.damageDealt":11088,"stat.timeSinceDeath":7975,"stat.useItem.minecraft.spawn_egg":40,"stat.walkOneCm":24290,"stat.useItem.extrabows.emerald_bow":15,"stat.killEntity.zoocraftdiscoveries.camel":1,"stat.killEntity.Creeper":2,"stat.useItem.scalinghealth.heartcontainer":39,"stat.drop.minecraft.chicken":2,"stat.pickup.minecraft.stone":2,"stat.pickup.minecraft.chicken":2,"stat.pickup.minecraft.sandstone_stairs":2,"stat.killEntity.mutantbeasts.mutant_zombie":1,"stat.sprintOneCm":10541,"stat.pickup.mutantbeasts.endersoul_hand":1,"stat.killEntity.Skeleton":3,"stat.killEntity.betteranimalsplus.tarantula":1,"stat.killEntity.Spider":5,"stat.mobKills":26,"stat.useItem.minecraft.golden_apple":1,"stat.deaths":1,"stat.drop":3,"stat.killEntity.mutantbeasts.mutant_enderman":1,"stat.playOneMinute":43053,"stat.sneakTime":762,"stat.killEntity.Zombie":6,"stat.useItem.extrabows.electric_bow":1}