{"stat.pickup.minecraft.piston":2,"stat.chestOpened":3,"stat.pickup.zoocraftdiscoveries.seed_bay":1,"stat.pickup.minecraft.double_plant":1,"stat.walkOneCm":124023,"stat.pickup.minecraft.bone":1,"stat.pickup.zoocraftdiscoveries.seed_tarragon":1,"stat.leaveGame":3,"stat.pickup.minecraft.arrow":1,"stat.pickup.minecraft.flint":3,"stat.craftItem.minecraft.crafting_table":1,"stat.pickup.croparia.kiwi":2,"stat.pickup.zoocraftdiscoveries.seed_dill":1,"stat.pickup.minecraft.log":66,"stat.jump":602,"stat.swimOneCm":949,"stat.climbOneCm":1771,"stat.fallOneCm":16756,"stat.useItem.minecraft.planks":65,"stat.pickup.minecraft.beef":7,"stat.pickup.minecraft.porkchop":35,"stat.crouchOneCm":582,"stat.pickup.minecraft.chicken":1,"stat.pickup.minecraft.sapling":25,"stat.pickup.minecraft.dirt":1,"stat.sprintOneCm":48436,"stat.useItem.minecraft.stone_slab2":1,"stat.pickup.croparia.seed_crop_coal":5,"stat.pickup.minecraft.apple":1,"stat.craftItem.minecraft.stick":4,"stat.craftItem.minecraft.wooden_axe":1,"stat.craftingTableInteraction":1,"stat.craftItem.minecraft.planks":176,"stat.pickup.futuremc.cornflower":1,"stat.pickup.icbmclassic.sulfurdust":1,"stat.pickup.minecraft.leather":3,"stat.damageTaken":355,"stat.pickup.zoocraftdiscoveries.seed_thyme":1,"stat.mobKills":4,"stat.pickup.zoocraftdiscoveries.seed_rosemary":1,"stat.mineBlock.minecraft.log":8,"stat.pickup.mysticalagriculture.crafting":2,"stat.useItem.croparia.kiwi":2,"stat.pickup.minecraft.planks":14,"stat.flyOneCm":189249,"stat.mineBlock.minecraft.planks":14,"stat.pickup.zoocraftdiscoveries.seed_oregano":1,"stat.pickup.vanillafoodpantry.oak_acorn":13,"stat.pickup.minecraft.potato":32,"stat.playOneMinute":24083,"stat.mineBlock.minecraft.piston":1,"stat.killEntity.Sheep":2,"stat.pickup.explorercraft.lamb_shank":4,"stat.sneakTime":179,"stat.pickup.minecraft.wool":6,"stat.damageDealt":469,"stat.timeSinceDeath":24083,"stat.useItem.minecraft.wooden_axe":17,"stat.killEntity.Cow":2,"stat.mineBlock.minecraft.dirt":1,"stat.mineBlock.minecraft.tallgrass":3,"stat.pickup.minecraft.mutton":7,"stat.diveOneCm":1364}