{"stat.pickup.immersiveengineering.ore":3,"stat.pickup.minecraft.bone":11,"stat.leaveGame":3,"stat.pickup.minecraft.flint":2,"stat.mineBlock.minecraft.yellow_flower":6,"stat.pickup.tombstone.familiar_stone":1,"stat.mineBlock.ic2.rubber_wood":5,"stat.swimOneCm":67082,"stat.climbOneCm":452,"stat.useItem.minecraft.planks":623,"stat.pickup.minecraft.cooked_porkchop":3,"stat.mineBlock.immersiveengineering.ore":3,"stat.pickup.minecraft.porkchop":7,"stat.useItem.minecraft.dirt":40,"stat.useItem.minecraft.stone_slab2":35,"stat.pickup.minecraft.rotten_flesh":37,"stat.pickup.minecraft.sand":30,"stat.craftItem.minecraft.furnace":1,"stat.craftItem.minecraft.stone_axe":2,"stat.craftItem.minecraft.stone_pickaxe":3,"stat.mineBlock.flansmod.german_item":1,"stat.pickup.minecraft.cobblestone":133,"stat.mineBlock.explorercraft.marble":16,"stat.flyOneCm":432283,"stat.mineBlock.minecraft.sand":30,"stat.killEntity.Witch":1,"stat.pickup.explorercraft.lamb_shank":2,"stat.pickup.zoocraftdiscoveries.seed_chive":1,"stat.mineBlock.minecraft.iron_ore":28,"stat.timeSinceDeath":4659,"stat.craftItem.minecraft.wooden_pickaxe":1,"stat.pickup.minecraft.mutton":6,"stat.pickup.minecraft.mossy_cobblestone":3,"stat.craftItem.minecraft.bed":1,"stat.craftItem.minecraft.glass_pane":48,"stat.pickup.minecraft.wooden_axe":1,"stat.furnaceInteraction":23,"stat.useItem.minecraft.cooked_porkchop":2,"stat.killEntity.ZombieVillager":1,"stat.mineBlock.futuremc.cornflower":9,"stat.killEntity.Creeper":1,"stat.talkedToVillager":7,"stat.pickup.minecraft.string":6,"stat.pickup.vanillafoodpantry.pork_meat_product":1,"stat.pickup.explorercraft.marble":29,"stat.pickup.minecraft.beef":16,"stat.pickup.tombstone.crafting_ingredient":3,"stat.craftItem.minecraft.stone_slab2":0,"stat.pickup.railcraft.ore_metal":1,"stat.killEntity.Squid":1,"stat.entityKilledBy.BabySkeleton":2,"stat.sprintOneCm":313787,"stat.pickup.immersiveengineering.tool":1,"stat.mineBlock.railcraft.equipment":1,"stat.craftItem.minecraft.stick":20,"stat.craftItem.minecraft.wooden_axe":1,"stat.pickup.tombstone.magic_scroll":1,"stat.mineBlock.mekanism.oreblock":5,"stat.killEntity.ebwizardry:evil_wizard":1,"stat.pickup.ic2.resource":8,"stat.useItem.tombstone.magic_scroll":1,"stat.pickup.immersiveengineering.sword_steel":1,"stat.useItem.minecraft.carrot":17,"stat.mineBlock.ic2.leaves":4,"stat.useItem.minecraft.wooden_shovel":59,"stat.entityKilledBy.Creeper":2,"stat.deaths":10,"stat.mineBlock.minecraft.planks":43,"stat.playOneMinute":177021,"stat.craftItem.minecraft.wooden_shovel":1,"stat.killEntity.Sheep":2,"stat.mineBlock.mysticalagriculture.prosperity_ore":2,"stat.craftItem.flansmod.flansworkbench_item":2,"stat.pickup.zoocraftdiscoveries.seed_sage":2,"stat.killEntity.Zombie":11,"stat.craftItem.minecraft.dye":2,"stat.pickup.opencomputers.tool":1,"stat.mineBlock.minecraft.tallgrass":91,"stat.diveOneCm":31524,"stat.pickup.minecraft.wheat":1,"stat.chestOpened":42,"stat.mineBlock.minecraft.mossy_cobblestone":2,"stat.pickup.flansmod.german_item":1,"stat.killEntity.betteranimalsplus.goose":1,"stat.useItem.minecraft.stone":1,"stat.killEntity.mutantbeasts.creeper_minion":1,"stat.pickup.minecraft.gravel":14,"stat.pickup.minecraft.arrow":7,"stat.useItem.immersiveengineering.axe_steel":108,"stat.jump":2173,"stat.fallOneCm":60521,"stat.pickup.minecraft.iron_ingot":2,"stat.pickup.minecraft.carrot":50,"stat.useItem.minecraft.stone_axe":10,"stat.pickup.minecraft.gunpowder":5,"stat.crouchOneCm":12344,"stat.craftItem.minecraft.chest":2,"stat.craftItem.minecraft.iron_ingot":20,"stat.pickup.minecraft.dirt":232,"stat.craftingTableInteraction":30,"stat.pickup.minecraft.iron_ore":32,"stat.pickup.minecraft.gold_ore":1,"stat.mineBlock.ic2.resource":7,"stat.mineBlock.minecraft.glass_pane":2,"stat.pickup.icbmclassic.sulfurdust":3,"tombstone:sneak_grave":2,"stat.damageTaken":4695,"stat.pickup.minecraft.leather":2,"stat.mineBlock.minecraft.red_flower":10,"stat.useItem.minecraft.wooden_pickaxe":11,"stat.pickup.immersiveengineering.metal":3,"stat.pickup.ic2.rubber_wood":5,"stat.pickup.mysticalagriculture.crafting":32,"stat.pickup.minecraft.dye":3,"stat.pickup.minecraft.planks":178,"stat.entityKilledBy.ZombieVillager":1,"stat.pickup.minecraft.bed":1,"tombstone:undead_killed":19,"stat.useItem.tombstone.grave_key":1,"stat.pickup.minecraft.wheat_seeds":8,"stat.pickup.vanillafoodpantry.oak_acorn":35,"stat.useItem.immersiveengineering.sword_steel":111,"stat.pickup.immersiveengineering.axe_steel":1,"stat.entityKilledBy.Zombie":1,"stat.mineBlock.minecraft.gravel":5,"stat.useItem.minecraft.stone_pickaxe":185,"stat.pickup.vanillafoodpantry.red_flint":2,"stat.damageDealt":8400,"stat.craftItem.minecraft.glass":18,"stat.craftItem.minecraft.cauldron":1,"stat.craftItem.minecraft.bowl":4,"stat.sleepInBed":5,"stat.killEntity.Silverfish":1,"stat.killEntity.Cow":3,"stat.mineBlock.minecraft.dirt":123,"stat.killEntity.Pig":1,"stat.mineBlock.umm3185118519.aquamarine_ore":1,"stat.walkOneCm":318147,"stat.pickup.betteranimalsplus.boarhead_4":1,"stat.useItem.minecraft.bread":8,"stat.useItem.minecraft.chest":1,"stat.pickup.umm3185118519.aquamarine_ore":1,"stat.playerKills":4,"stat.pickup.flansmod.britishdesertpants":1,"stat.pickup.mekanism.oreblock":5,"stat.craftItem.minecraft.crafting_table":2,"stat.mineBlock.minecraft.double_plant":6,"stat.pickup.zoocraftdiscoveries.seed_dill":2,"stat.pickup.minecraft.log":187,"stat.pickup.minecraft.stone":40,"stat.pickup.zoocraftdiscoveries.seed_coriander":2,"stat.pickup.minecraft.sapling":64,"stat.pickup.minecraft.wooden_door":2,"stat.pickup.minecraft.apple":6,"stat.useItem.minecraft.glass_pane":47,"stat.pickup.railcraft.equipment":1,"stat.killEntity.Skeleton":7,"stat.craftItem.minecraft.planks":748,"stat.pickup.futuremc.cornflower":8,"stat.killEntity.Spider":1,"stat.pickup.zoocraftdiscoveries.seed_thyme":2,"stat.mobKills":34,"stat.mineBlock.minecraft.log":21,"stat.craftItem.minecraft.wooden_door":3,"stat.useItem.minecraft.wooden_door":4,"stat.pickup.minecraft.diamond":1,"stat.pickup.minecraft.torch":1,"stat.entityKilledBy.Silverfish":1,"stat.pickup.minecraft.red_flower":11,"stat.sneakTime":4492,"stat.pickup.minecraft.wool":6,"stat.pickup.astralsorcery.blockmarble":2,"stat.killEntity.zoocraftdiscoveries.porcupine":1,"stat.useItem.minecraft.wooden_axe":27,"stat.pickup.minecraft.yellow_flower":3,"stat.craftItem.flansmod.german_item":1,"stat.mineBlock.minecraft.stone":127}