{"stat.chestOpened":3,"stat.pickup.zoocraftdiscoveries.seed_bay":1,"stat.pickup.minecraft.bone":1,"stat.pickup.zoocraftdiscoveries.seed_tarragon":1,"stat.leaveGame":4,"stat.pickup.minecraft.arrow":3,"stat.pickup.minecraft.flint":3,"stat.craftItem.minecraft.coal":4,"stat.jump":773,"stat.swimOneCm":1643,"stat.useItem.minecraft.wooden_hoe":8,"stat.climbOneCm":1771,"stat.fallOneCm":20079,"stat.useItem.minecraft.planks":176,"stat.useItem.minecraft.stone_axe":4,"stat.pickup.minecraft.porkchop":35,"stat.crouchOneCm":2412,"stat.pickup.minecraft.dirt":15,"stat.useItem.minecraft.stone_slab2":7,"stat.pickup.croparia.seed_crop_coal":10,"stat.pickup.croparia.fruit_coal":2,"stat.craftingTableInteraction":13,"stat.pickup.minecraft.sand":18,"stat.craftItem.minecraft.furnace":1,"stat.craftItem.minecraft.stone_axe":1,"stat.pickup.icbmclassic.sulfurdust":2,"stat.pickup.minecraft.leather":3,"stat.damageTaken":395,"stat.craftItem.minecraft.stone_pickaxe":1,"stat.useItem.minecraft.wooden_pickaxe":28,"stat.pickup.minecraft.cobblestone":23,"stat.pickup.mysticalagriculture.crafting":3,"stat.pickup.minecraft.planks":30,"stat.flyOneCm":198814,"stat.pickup.zoocraftdiscoveries.seed_oregano":2,"stat.pickup.vanillafoodpantry.oak_acorn":13,"stat.mineBlock.minecraft.sand":18,"stat.pickup.minecraft.potato":32,"stat.pickup.explorercraft.lamb_shank":4,"stat.craftItem.minecraft.wooden_hoe":1,"stat.useItem.croparia.seed_crop_coal":7,"stat.damageDealt":469,"stat.timeSinceDeath":42545,"stat.killEntity.Cow":2,"stat.mineBlock.minecraft.dirt":15,"stat.craftItem.minecraft.wooden_pickaxe":1,"stat.pickup.minecraft.mutton":7,"stat.pickup.minecraft.piston":2,"stat.pickup.minecraft.double_plant":1,"stat.walkOneCm":226483,"stat.pickup.immersiveengineering.seed":1,"stat.pickup.minecraft.crafting_table":1,"stat.craftItem.minecraft.crafting_table":1,"stat.furnaceInteraction":8,"stat.pickup.croparia.kiwi":2,"stat.pickup.zoocraftdiscoveries.seed_dill":1,"stat.pickup.minecraft.log":99,"stat.pickup.minecraft.beef":7,"stat.pickup.minecraft.chicken":1,"stat.pickup.minecraft.sapling":25,"stat.sprintOneCm":61020,"stat.pickup.minecraft.wooden_door":1,"stat.pickup.minecraft.apple":1,"stat.craftItem.minecraft.stick":12,"stat.craftItem.minecraft.wooden_axe":2,"stat.craftItem.minecraft.planks":176,"stat.pickup.futuremc.cornflower":1,"stat.mineBlock.minecraft.crafting_table":1,"stat.pickup.zoocraftdiscoveries.seed_thyme":1,"stat.mobKills":4,"stat.pickup.zoocraftdiscoveries.seed_rosemary":1,"stat.mineBlock.minecraft.log":27,"stat.craftItem.minecraft.wooden_door":3,"stat.useItem.croparia.kiwi":2,"stat.useItem.minecraft.wooden_door":3,"stat.mineBlock.minecraft.planks":30,"stat.drop":1,"stat.playOneMinute":42545,"stat.mineBlock.minecraft.piston":1,"stat.killEntity.Sheep":2,"stat.sneakTime":659,"stat.pickup.minecraft.wool":6,"stat.useItem.minecraft.wooden_axe":41,"stat.mineBlock.minecraft.stone":27,"stat.mineBlock.minecraft.tallgrass":17,"stat.diveOneCm":2493,"stat.drop.minecraft.wooden_axe":1}