{"stats":{"minecraft:mined":{"minecraft:grass":6,"minecraft:grass_block":2,"minecraft:tall_grass":2},"minecraft:killed":{"minecraft:skeleton":1,"minecraft:iron_golem":1,"minecraft:zombie":1,"minecraft:pig":1,"minecraft:creeper":1,"minecraft:chicken":6},"minecraft:used":{"alexsmobs:spawn_egg_straddler":1,"mahoutsukai:proximity_projection_keys":50,"mahoutsukai:rule_breaker":23,"mahoutsukai:mystic_code_first_sorcery":1,"alexsmobs:spawn_egg_dropbear":1,"mahoutsukai:theripper":3,"mahoutsukai:caliburn":2},"minecraft:custom":{"minecraft:time_since_rest":9643,"minecraft:crouch_one_cm":1559,"minecraft:play_one_minute":13732,"minecraft:sprint_one_cm":15396,"tombstone:undead_killed":2,"minecraft:walk_one_cm":21977,"minecraft:deaths":1,"minecraft:sneak_time":760,"minecraft:walk_under_water_one_cm":969,"minecraft:mob_kills":11,"minecraft:jump":71,"minecraft:damage_dealt":3640,"minecraft:leave_game":1,"minecraft:time_since_death":11287,"minecraft:walk_on_water_one_cm":1073,"minecraft:talked_to_villager":4,"minecraft:fall_one_cm":209,"minecraft:fly_one_cm":225543},"minecraft:picked_up":{"minecraft:feather":6,"minecraft:chicken":5,"minecraft:bow":1,"minecraft:iron_ingot":4,"minecraft:porkchop":1,"tombstone:grave_dust":2,"minecraft:dirt":1}},"DataVersion":2586}