{"stat.chestOpened":2,"stat.pickup.minecraft.rotten_flesh":14,"stat.walkOneCm":9888,"stat.pickup.minecraft.bone":1,"stat.trappedChestTriggered":1,"stat.useItem.minecraft.flint_and_steel":32,"stat.leaveGame":1,"stat.killEntity.Spider":2,"stat.useItem.minecraft.tnt":82,"stat.mobKills":16,"stat.killEntity.Creeper":1,"stat.useItem.minecraft.diamond_sword":85,"stat.pickup.mysticalagriculture.crafting":3,"stat.pickup.minecraft.reeds":3,"stat.flyOneCm":393912,"tombstone:undead_killed":12,"stat.jump":72,"stat.playOneMinute":17742,"stat.killEntity.Witch":1,"stat.fallOneCm":476,"stat.climbOneCm":296,"stat.pickup.tombstone.crafting_ingredient":2,"stat.sneakTime":553,"stat.damageDealt":4724,"stat.crouchOneCm":548,"stat.killEntity.Zombie":10,"stat.timeSinceDeath":17742,"stat.pickup.minecraft.dirt":16,"stat.sprintOneCm":8482,"stat.useItem.minecraft.spawn_egg":3,"stat.killEntity.Stray":2}