{"stat.chestOpened":8,"stat.craftItem.minecraft.stone_shovel":1,"stat.craftItem.minecraft.stone_sword":1,"stat.pickup.minecraft.log":32,"stat.flyOneCm":16952,"stat.walkOneCm":5585,"stat.pickup.vanillafoodpantry.oak_acorn":5,"stat.jump":71,"stat.swimOneCm":1364,"stat.playOneMinute":4844,"stat.fallOneCm":1722,"stat.craftItem.minecraft.stone_axe":1,"stat.leaveGame":1,"stat.sneakTime":22,"stat.useItem.minecraft.stone_axe":1,"stat.crouchOneCm":202,"stat.craftItem.minecraft.stone_pickaxe":1,"stat.timeSinceDeath":4844,"stat.pickup.minecraft.sapling":1,"stat.sprintOneCm":16357,"stat.pickup.minecraft.apple":1,"stat.craftingTableInteraction":1}