{
  "explorercraft:explorercraft/root": {
    "criteria": {
      "explorercraft": "2024-05-22 17:28:50 +0000"
    },
    "done": true
  },
  "explorercraft:explorercraft/exploring_time": {
    "criteria": {
      "bamboo_forest": "2024-05-22 17:31:03 +0000"
    },
    "done": false
  },
  "nuclearcraft:root": {
    "criteria": {
      "location": "2024-05-22 17:28:50 +0000"
    },
    "done": true
  },
  "astralsorcery:root": {
    "criteria": {
      "astralsorcery_present": "2024-05-22 17:28:50 +0000"
    },
    "done": true
  },
  "betteranimalsplus:root": {
    "criteria": {
      "tick": "2024-05-22 17:28:50 +0000"
    },
    "done": true
  },
  "explorercraft:explorercraft/bamboo_forest": {
    "criteria": {
      "bamboo_forest": "2024-05-22 17:31:03 +0000"
    },
    "done": true
  },
  "tombstone:tutorial/root": {
    "criteria": {
      "auto": "2024-05-22 17:28:50 +0000"
    },
    "done": true
  },
  "mowziesmobs:root": {
    "criteria": {
      "custom_test_name": "2024-05-22 17:28:50 +0000"
    },
    "done": true
  },
  "minecraft:adventure/adventuring_time": {
    "criteria": {
      "forest": "2024-05-22 17:28:50 +0000",
      "forest_hills": "2024-05-22 17:30:12 +0000",
      "extreme_hills": "2024-05-22 17:31:57 +0000"
    },
    "done": false
  }
}