{
  "buildcraftenergy:sticky_dipping": {
    "criteria": {
      "oil": "2024-05-17 14:06:33 +0000"
    },
    "done": true
  },
  "explorercraft:explorercraft/root": {
    "criteria": {
      "explorercraft": "2024-05-17 14:06:28 +0000"
    },
    "done": true
  },
  "nuclearcraft:root": {
    "criteria": {
      "location": "2024-05-17 14:06:28 +0000"
    },
    "done": true
  },
  "astralsorcery:root": {
    "criteria": {
      "astralsorcery_present": "2024-05-17 14:06:28 +0000"
    },
    "done": true
  },
  "betteranimalsplus:root": {
    "criteria": {
      "tick": "2024-05-17 14:06:28 +0000"
    },
    "done": true
  },
  "tombstone:tutorial/root": {
    "criteria": {
      "auto": "2024-05-17 14:06:28 +0000"
    },
    "done": true
  },
  "mowziesmobs:root": {
    "criteria": {
      "custom_test_name": "2024-05-17 14:06:28 +0000"
    },
    "done": true
  },
  "minecraft:adventure/adventuring_time": {
    "criteria": {
      "forest": "2024-05-17 14:08:27 +0000",
      "deep_ocean": "2024-05-17 14:07:10 +0000",
      "beaches": "2024-05-17 14:07:04 +0000",
      "plains": "2024-05-17 14:06:28 +0000",
      "river": "2024-05-17 14:08:28 +0000"
    },
    "done": false
  }
}